Treatment,RR,CI_lower,CI_upper,pre_lower,pre_upper,WEIGHT,tau2,direct,direct_lower,direct_upper,indirect,indirect_lower,indirect_upper,Reference
ADA,1.2318857924,0.7078882071,2.1437602581,0.7021867182,2.1611667755,3.5378087059,0,,,,1.2318857924,0.7078954136000001,2.1437384344,ETA
APRE,1.2410657359,0.6179113016000001,2.4926622266000003,0.6116531757,2.5181658858000002,2.8105160208,0,1.4,0.2842405764,6.8955672143,1.2061875427,0.5554294859000001,2.6193935056,ETA
BIME,0.6495101638,0.2840976791,1.484923968,0.28068921080000003,1.5029557128,2.3702976590000002,0,,,,0.6495101638,0.2841019958,1.4849014056,ETA
BRODA,1.2954718965,0.6792940267,2.4705758753,0.6729228826,2.493966958,3.0360472817,0,,,,1.2954718965,0.6793020849,2.470546568,ETA
CERTO,0.878356397,0.3587808382,2.150365566,0.3541224092,2.1786533133,2.1891107875,0,2.5602409639,0.3015076507,21.7401905968,0.6998194809,0.26112210610000003,1.8755490033000002,ETA
DEUCRAVA,0.7642398044000001,0.07844836100000001,7.4451839539,0.0758844587,7.6967338058,0.8609930903,0,,,,0.7642398044000001,0.0784516426,7.4448725273,ETA
FUM,1.0418145818,0.36114792770000004,3.0053547029,0.355605997,3.0521915605,1.8500486215,0,,,,1.0418145818,0.3611549583,3.0052961973,ETA
GUSEL,1.1283974998,0.6734614045,1.8906516528,0.6684067926,1.9049490994,3.7975438316,0,,,,1.1283974998,0.6734677916,1.8906337222,ETA
IFX,1.4830678481000001,0.6572863132,3.3463198576,0.6495251876,3.3863047717,2.4086069475,0,0.92,0.0610094636,13.8732575356,1.5547319011,0.6625274306000001,3.6484395554,ETA
IXE,1.1369183568,0.7076689425,1.8265367778,0.7027885447000001,1.8392208579,4.1341463299,0,1.068456076,0.5531670571,2.0637497691,1.2155995108,0.6138003526,2.4074312832,ETA
MTX,0.1001256789,0.0112212612,0.8934068441,0.0108684444,0.9224090588,0.895543167,0,,,,0.1001256789,0.0112217125,0.8933709153,ETA
NETA,0.9898295676000001,0.0399841596,24.5037680623,0.0381544201,25.6788746721,0.6107727711000001,0,,,,0.9898295676000001,0.039986517400000005,24.5023231903,ETA
PBO,1.2567499005,0.8395733070000001,1.8812178747,0.83464426,1.8923275317,4.8588163276,0,1.3825898251,0.8485549521,2.2527175405,1.0234027059,0.5000407519,2.094535484,ETA
RISAN,0.9107116245,0.5111211294,1.6226988386999999,0.5068297887000001,1.636438271,3.3932361096,0,,,,0.9107116245,0.5111265544,1.6226816157,ETA
SECU,1.3308928537,0.821484537,2.1561888365,0.8157192891,2.1714281025,4.0622418343,0,1.8277268093,0.5134548189,6.5060939471,1.2615101498,0.7487848821,2.1253204971,ETA
SONELO,1.5497456112,0.29826645090000004,8.0522346776,0.29117772010000004,8.2482665858,1.1894222564999999,0,,,,1.5497456112,0.2982754825,8.0519908613,ETA
TILDRA,0.9979461116,0.45685572280000003,2.1798926707,0.4516749205,2.2048964787,2.5085378518,0,0.7200368070000001,0.2767251509,1.8735304747,1.9219761573,0.49572504980000004,7.451695956,ETA
USK,1.2103490565000001,0.7427442602000001,1.9723408407,0.7374689643,1.9864494773999999,4.0138248672,0,1.2482014389,0.3787001062,4.1140913524,1.2028669456,0.7043319746000001,2.0542711975,ETA
ADA,0.9802155480000001,0.6575976833,1.4611099537,0.6537771830000001,1.4696482924,4.9100757987,0,1.1497219844,0.7079608229000001,1.8671381221,0.7009113828,0.3469768089,1.4158778164,PBO
APRE,0.9875200591000001,0.5389511863,1.8094326385000001,0.5342081792,1.8254978209,3.2366103903,0,1.0051342381,0.5290968852,1.9094703917,0.8552436630000001,0.1371675564,5.3324688611,PBO
BIME,0.5168173585,0.2482768021,1.0758161042,0.24563402110000002,1.0873908297,2.6734128369,0,0.5791874305,0.2031816276,1.6510256537,0.4632657175,0.16598446090000002,1.2929832339,PBO
BRODA,1.0308112187,0.6160336926000001,1.7248598273,0.6114219105,1.7378699557,3.8073059933,0,0.8865348107000001,0.5018327519,1.5661472226000002,2.0335039949000002,0.6076327346,6.8053254248,PBO
CERTO,0.6989110536,0.3094639279,1.5784607405000002,0.3058056629,1.5973434114,2.4058468453,0,0.6062410873,0.2645038317,1.3895006875,34.2409734998,0.4471273577,2622.1707216605,PBO
DEUCRAVA,0.6081081081,0.0647114107,5.7145326811,0.0626293944,5.9045033834,0.8748378712,0,0.6081081081,0.06471407480000001,5.7142974292,,,,PBO
ETA,0.7957032657,0.5315705392,1.1910812214,0.5284497442,1.1981152306,4.8588163276,0,0.7232803119,0.44390829390000003,1.1784740606,0.9771324565,0.4774328283,1.9998370054999999,PBO
FUM,0.8289752650000001,0.311239299,2.2079473648,0.3068204304,2.2397465158,2.0007589591,0,0.8289752650000001,0.3112449016,2.2079076201,,,,PBO
GUSEL,0.8978695756,0.612375329,1.3164635096000001,0.6089642078,1.3238376977000001,5.1217802319,0,1.0661585678,0.49876570410000004,2.2790141391,0.8469250110000001,0.543828387,1.3189491232,PBO
IFX,1.18008193,0.5727681934000001,2.4313385025,0.5667564635,2.4571283283,2.7114590048,0,1.2238473746,0.5785004962,2.5891116879,0.7242017635,0.0465851924,11.2582597051,PBO
IXE,0.9046496494,0.6030325503,1.3571257269,0.5994730794,1.365183886,4.8326263603,0,0.9477309116,0.5354870092,1.6773401885,0.8627674022,0.4848689732,1.5351932821,PBO
MTX,0.0796703297,0.0092699466,0.6847247059,0.0089833981,0.7065657515,0.9111534177,0,0.0796703297,0.009270313,0.6846976411,,,,PBO
NETA,0.7876106195,0.0326357815,19.0076799011,0.031153889,19.9118154482,0.6156562867,0,0.7876106195,0.0326376907,19.0065679977,,,,PBO
RISAN,0.7246562138,0.46704861340000003,1.1243511127,0.4640635548,1.1315834281,4.4620091282,0,0.5463927324,0.2782140549,1.0730766932,0.8917225613,0.5000034056,1.5903274206,PBO
SECU,1.05899579,0.765139122,1.4657100272,0.7615177287,1.472680203,6.0304223603,0,1.1226554723,0.7071458598,1.7823130715,1.0002296966,0.633261001,1.5798532429,PBO
SONELO,1.2331376439,0.2488514423,6.1105872434,0.2431052656,6.2550206179,1.2246471262,0,0.9232613909,0.15572225450000002,5.4739227788,4.1866261968,0.10796729520000001,162.3439661647,PBO
TILDRA,0.79406898,0.36319444500000003,1.7361101022,0.3590710546,1.7560467126,2.505650555,0,0.9735418921000001,0.3789426752,2.5011271565,0.5074404993,0.1252920278,2.0551655588,PBO
USK,0.963078697,0.6850142719,1.3540164265,0.6816161163000001,1.3607667928,5.7529384809,0,0.9766935505000001,0.612048443,1.5585862567,0.9478695261000001,0.5762466378000001,1.5591529381,PBO
ADA,0.8306334697000001,0.36397507970000004,1.8956021976000001,0.3596177141,1.9185705652,2.3754603603,0,,,,0.8306334697000001,0.3639805981,1.8955734577,IFX
APRE,0.8368233035,0.3264373217,2.1451996895,0.3219824133,2.1748804041,2.082060857,0,,,,0.8368233035,0.3264429685,2.1451625822000002,IFX
BIME,0.4379504044,0.15650638,1.2255127024,0.1541731885,1.244059091,1.9047454377,0,,,,0.4379504044,0.1565093393,1.2254895303,IFX
BRODA,0.8735081798000001,0.3597897391,2.1207290182,0.3551614598,2.1483652549,2.2097013549,0,,,,0.8735081798000001,0.3597956033,2.1206944532,IFX
CERTO,0.5922563813,0.199458151,1.7586025911,0.1963145595,1.7867631526,1.8009157926000001,0,,,,0.5922563813,0.1994621399,1.7585674222,IFX
DEUCRAVA,0.5153100752,0.0489415626,5.425745721,0.0472883574,5.6154302711,0.8325751583000001,0,,,,0.5153100752,0.0489436797,5.4255110197,IFX
ETA,0.6742779848,0.2988357487,1.5214070031,0.2953071467,1.5395861763,2.4086069475,0,1.0869565217,0.0720811242,16.3908997336,0.643197711,0.2740897813,1.5093714672,IFX
FUM,0.7024726368,0.2079197151,2.3733574533,0.2042574318,2.4159111422,1.6099165216,0,,,,0.7024726368,0.2079243665,2.3733043594,IFX
GUSEL,0.7608535923,0.3364306903,1.7207056479,0.3324470103,1.7413246954,2.4018171599,0,,,,0.7608535923,0.3364357351,1.720679846,IFX
IXE,0.7665990185,0.3361273732,1.748367143,0.33210644110000004,1.769535253,2.3772741398,0,,,,0.7665990185,0.3361324656,1.7483406556,IFX
MTX,0.06751254100000001,0.0069795721,0.6530404928,0.0067521622,0.6750346085000001,0.8636926573,0,,,,0.06751254100000001,0.006979863100000001,0.6530132620000001,IFX
NETA,0.6674202862,0.0255028866,17.4666439062,0.0243160985,18.3191328488,0.6003746245,0,,,,0.6674202862,0.0255044165,17.4655961431,IFX
PBO,0.8473987903,0.411296082,1.7459070031000001,0.4069791506,1.7644262826000001,2.7114590048,0,0.8170953509000001,0.3862328553,1.7286069874,1.3808306612,0.0888236749,21.4660485178,IFX
RISAN,0.614072799,0.2637965903,1.4294551801,0.2605630825,1.4471942793,2.3197045952,0,,,,0.614072799,0.263800686,1.4294329867,IFX
SECU,0.8973917514,0.4068797931,1.9792380188,0.4022091062,2.0022220857,2.4779553358,0,,,,0.8973917514,0.40688570690000003,1.9792092521,IFX
SONELO,1.0449593477,0.1805085428,6.0492429967,0.17594066960000002,6.2062969347,1.1162016254,0,,,,1.0449593477,0.1805143672,6.0490478145,IFX
TILDRA,0.6728930931,0.23321789440000001,1.9414681535,0.2296384821,1.9717301325,1.8497314411999999,0,,,,0.6728930931,0.2332224353,1.9414303522,IFX
USK,0.8161117228,0.3676823562,1.8114503804000002,0.3634279023,1.8326560506,2.4581985292,0,,,,0.8161117228,0.36768774320000003,1.8114238408,IFX
ADA,0.9509166473,0.4994064472,1.8106343543,0.49473381930000004,1.827735309,3.0434493215,0,,,,0.9509166473,0.49941235710000004,1.8106129278,BRODA
APRE,0.9580028245000001,0.4330907654,2.1191156337,0.428100894,2.143815686,2.4688142147,0,,,,0.9580028245000001,0.43309708350000004,2.1190847199,BRODA
BIME,0.5013695516,0.2071228621,1.2136343847,0.2044673189,1.2293966026,2.2171160598,0,,,,0.5013695516,0.2071262267,1.2136146702,BRODA
CERTO,0.6780204182,0.2587616277,1.7765836901,0.25514873520000003,1.8017400209,2.0347355919,0,,,,0.6780204182,0.2587662079,1.7765522443,BRODA
DEUCRAVA,0.5899315967000001,0.059216913,5.87702518,0.0572628545,6.0775749264,0.8526189806000001,0,,,,0.5899315967000001,0.0592194144,5.8767769340000005,BRODA
ETA,0.7719194856,0.4047639297,1.4721165809,0.4009676218,1.4860543843,3.0360472817,0,,,,0.7719194856,0.4047687313,1.4720991179,BRODA
FUM,0.8041969761000001,0.2659177352,2.4320783868999998,0.2616567093,2.4716842849000003,1.7710994243,0,,,,0.8041969761000001,0.2659231427,2.4320289308,BRODA
GUSEL,0.8710320177,0.4636495748,1.636358183,0.4594017282,1.6514887282,3.1083989314,0,,,,0.8710320177,0.46365494690000003,1.6363392234,BRODA
IFX,1.1448089705,0.4715359631,2.7794011096,0.46547019770000003,2.8156208181,2.2097013549,0,,,,1.1448089705,0.47154364860000003,2.7793558091,BRODA
IXE,0.8776094332000001,0.4596957863,1.6754522018,0.4553772197,1.6913413406000002,3.0310681957,0,,,,0.8776094332000001,0.45970124840000004,1.6754322940000002,BRODA
MTX,0.0772889625,0.0084628751,0.7058574865,0.0081940061,0.7290187107,0.8861311529,0,,,,0.0772889625,0.008463219000000001,0.7058287986,BRODA
NETA,0.7640687307,0.030377713100000002,19.2180702531,0.028980853600000002,20.1443695732,0.6077616381000001,0,,,,0.7640687307,0.030379513400000002,19.2169314397,BRODA
PBO,0.9701097367,0.5797572557,1.6232878364,0.5754170482000001,1.6355318361,3.8073059933,0,1.1279872915,0.6385095766000001,1.9926957661,0.4917620042,0.1469437444,1.6457309541,BRODA
RISAN,0.7029960488,0.3643116208,1.356540435,0.3608327441,1.3696191731,2.9817066123,0,,,,0.7029960488,0.3643160213,1.3565240497,BRODA
SECU,1.0273421271,0.5683279128000001,1.8570825441,0.5634377252,1.8732005311000002,3.3106334031999998,0,,,,1.0273421271,0.5683340955,1.8570623415,BRODA
SONELO,1.1962788351,0.2230130271,6.4170379177,0.2176115077,6.5763206471,1.166846653,0,,,,1.1962788351,0.22301991070000002,6.4168398548,BRODA
TILDRA,0.7703340492,0.3028845154,1.9592105805000002,0.29878549590000003,1.9860888676,2.0996865726,0,,,,0.7703340492,0.3028897108,1.9591769748,BRODA
USK,0.9342920212,0.5316129505,1.6419870508,0.5272553461,1.6555575724,3.4759578061,0,0.6676231786,0.2820213962,1.5804499749,1.2015915078,0.5700692977,2.5327134043,BRODA
ADA,0.9926031771,0.4812627029,2.0472416857,0.47620404190000004,2.0689892997,2.7074901553,0,,,,0.9926031771,0.4812691048,2.0472144531,APRE
BIME,0.5233487196000001,0.2024495299,1.352899572,0.19966225840000001,1.3717859574,2.0636849174,0,,,,0.5233487196000001,0.20245306300000002,1.3528759614,APRE
BRODA,1.0438382585000001,0.471894966,2.308984813,0.46645801060000003,2.3358979483,2.4688142147,0,,,,1.0438382585000001,0.47190185020000003,2.3089511294,APRE
CERTO,0.7077436526,0.2568783858,1.9499541632000001,0.2531062204,1.9790152801,1.9339321614,0,,,,0.7077436526,0.2568831696,1.9499178497,APRE
DEUCRAVA,0.6157931705,0.0604669688,6.2712127987,0.0584528743,6.487298244,0.8445313091000001,0,,,,0.6157931705,0.060469547500000005,6.2709453653,APRE
ETA,0.8057590916,0.4011774998,1.6183552516000002,0.3971144259,1.6349134441,2.8105160208,0,0.7142857143,0.1450207023,3.5181465381,0.8290584711000001,0.3817677634,1.8004085583,APRE
FUM,0.8394515711,0.2653525393,2.6556329248,0.2609289984,2.7006539884,1.7018475782,0,,,,0.8394515711,0.26535815490000003,2.6555767254,APRE
GUSEL,0.9092165444,0.4459455036,1.8537572819,0.4413323474,1.8731342254,2.7513153447,0,,,,0.9092165444,0.4459513412,1.8537330159,APRE
IFX,1.1949954021,0.4661570692,3.063375213,0.45979539750000004,3.1057596893,2.082060857,0,,,,1.1949954021,0.4661651328,3.0633222232,APRE
IXE,0.9160823024,0.4461399536,1.8810392972,0.4414791138,1.9008980459,2.7242142649,0,,,,0.9160823024,0.4461458518,1.8810144291,APRE
MTX,0.0806771761,0.0086341254,0.7538466741000001,0.008357025300000001,0.7788425307,0.8770621585,0,,,,0.0806771761,0.00863448,0.753815719,APRE
NETA,0.7975641732000001,0.0312145606,20.3785860795,0.0297723839,21.3657264381,0.6048117787,0,,,,0.7975641732000001,0.0312164194,20.3773726073,APRE
PBO,1.0126376582,0.5526594241,1.855455606,0.5477957785,1.8719294068,3.2366103903,0,0.9948919876000001,0.5237054234,1.8900130165000002,1.1692574214,0.1875303965,7.2903536855,APRE
RISAN,0.7338141713,0.3479634746,1.5475280521,0.3441941941,1.5644750762,2.6267884166,0,,,,0.7338141713,0.3479682455,1.5475068344,APRE
SECU,1.0723790168,0.5412002527,2.1249006259,0.5358249002000001,2.1462174591,2.8661445717,0,,,,1.0723790168,0.5412070534,2.124873925,APRE
SONELO,1.2487216159,0.2256574985,6.9100547717000005,0.2200919401,7.0847922623,1.1456245151,0,,,,1.2487216159,0.2256645927,6.9098375409,APRE
TILDRA,0.8041041523,0.3023341748,2.1386384392,0.29804796980000003,2.1693940351,2.0036887118,0,,,,0.8041041523,0.3023396092,2.1385999985,APRE
USK,0.9752497563,0.48868503430000004,1.9462680878,0.4837809259,1.9659974925,2.8365697943,0,,,,0.9752497563,0.4886912391,1.9462433765,APRE
APRE,1.0074519436,0.4884621132,2.0778672313,0.4833277775,2.099940177,2.7074901553,0,,,,1.0074519436,0.48846861080000004,2.0778395914,ADA
BIME,0.5272486848,0.2463076791,1.1286338153,0.24358647560000002,1.1412422423,2.5752510617,0,0.4984326019,0.1464329852,1.6965785289,0.5462161501,0.2067865596,1.4428021008,ADA
BRODA,1.0516168824,0.5522926247000001,2.0023770331,0.5471251746,2.0212889458,3.0434493215,0,,,,1.0516168824,0.5522991605,2.0023533376,ADA
CERTO,0.7130177184000001,0.287988515,1.7653282689,0.2842026044,1.7888445035,2.1619578444,0,,,,0.7130177184000001,0.2879933126,1.7652988611,ADA
DEUCRAVA,0.6203820265000001,0.06372882020000001,6.0392434338,0.061646659900000005,6.2432232203,0.8612739979,0,,,,0.6203820265000001,0.06373148520000001,6.0389908991,ADA
ETA,0.8117635629000001,0.4664700711,1.4126524357,0.4627130175,1.4241226358,3.5378087059,0,,,,0.8117635629000001,0.4664748199,1.4126380547,ADA
FUM,0.8457071169,0.2936350887,2.4357461183,0.2891359013,2.4736482892,1.8528404176,0,,,,0.8457071169,0.2936407964,2.4356987727,ADA
GUSEL,0.9159919749000001,0.5694708683,1.4733700084999999,0.565533642,1.4836275611,4.1237115556,0,0.9108215853,0.45085092990000003,1.8400670935,0.9203631169000001,0.48293030140000004,1.7540176386000002,ADA
IFX,1.2039004405,0.5275368436,2.7474408436,0.5212213812000001,2.7807306506,2.3754603603,0,,,,1.2039004405,0.5275448419000001,2.7473991887,ADA
IXE,0.9229088961,0.5370756528,1.5859233723,0.5328481025,1.5985058904,3.6203002467000003,0,,,,0.9229088961,0.5370809957,1.5859075953000001,ADA
MTX,0.08127837780000001,0.0091160484,0.7246752591000001,0.0088295228,0.7481915914,0.8958592794,0,,,,0.08127837780000001,0.0091164148,0.7246461262,ADA
NETA,0.8035075765,0.0324747822,19.8807930574,0.0309889222,20.83403938,0.6108730242,0,,,,0.8035075765,0.032476696900000004,19.8796209729,ADA
PBO,1.0201837769,0.6844111885,1.5206866225,0.6804349076,1.5295731114,4.9100757987,0,0.8697754879,0.535579017,1.4125075394,1.4267138822,0.7062756323,2.8820369961,ADA
RISAN,0.7392825131,0.4406575459,1.2402797577,0.4373419962,1.2496824889,3.7880830005,0,1.1221853082,0.4625274985,2.7226486425000003,0.5958182470000001,0.31503455880000003,1.1268585418,ADA
SECU,1.0803703248,0.6740405191000001,1.7316466974,0.6694148178,1.7436124923,4.1545762819,0,,,,1.0803703248,0.6740463623,1.7316316861,ADA
SONELO,1.258027019,0.2424946219,6.5264621879,0.23673670500000002,6.685198987,1.190533763,0,,,,1.258027019,0.2425019578,6.5262647555,ADA
TILDRA,0.8100962912,0.3380900237,1.941068813,0.33380498610000003,1.9659862145,2.2429711902,0,,,,0.8100962912,0.3380954525,1.9410376454,ADA
USK,0.9825172625,0.6019460025000001,1.6036989485,0.5976564288,1.6152092151000002,4.0004068232,0,,,,0.9825172625,0.6019514218,1.6036845105,ADA
ADA,1.0835305676,0.6305474889,1.8619350827,0.6255841821,1.8767074433,3.6203002467000003,0,,,,1.0835305676,0.6305537617,1.8619165599,IXE
APRE,1.0916049763,0.5316210041,2.2414491056,0.5260671408,2.265112819,2.7242142649,0,,,,1.0916049763,0.5316280325,2.2414194728,IXE
BIME,0.5712900667,0.2504764792,1.3030059399,0.2474799372,1.3187830251000001,2.3771058776,0,,,,0.5712900667,0.2504802742,1.3029861982,IXE
BRODA,1.1394590374,0.596853792,2.175351678,0.5912467081,2.1959816099,3.0310681957,0,,,,1.1394590374,0.596860884,2.1753258304,IXE
CERTO,0.7725764931,0.31230337610000003,1.9112007212000002,0.3082015538,1.936636692,2.1639383119,0,,,,0.7725764931,0.312308574,1.9111689125,IXE
DEUCRAVA,0.6722028893,0.0689740796,6.55110916,0.0667194438,6.7724893725,0.8608462132,0,,,,0.6722028893,0.0689769653,6.5508350852,IXE
ETA,0.8795706341,0.5474841855,1.4130901328,0.5437084925,1.4229031016,4.1341463299,0,0.9359299109,0.48455486950000004,1.8077721496999999,0.8226393571,0.4153804958,1.6291942416,IXE
FUM,0.9163495123000001,0.3173901953,2.6456281296,0.31251593510000003,2.6868915614,1.8485928187,0,,,,0.9163495123000001,0.317396379,2.6455765863,IXE
GUSEL,0.9925053044000001,0.6297781717000001,1.5641488124,0.6256105757,1.5745686177,4.3089735585,0,0.9116809117,0.47015646720000004,1.7678414373,1.07073235,0.5726381496,2.0020806613,IXE
IFX,1.3044629276,0.5719622472,2.9750626685,0.5651201344,3.0110828227,2.3772741398,0,,,,1.3044629276,0.5719709124,2.975017597,IXE
MTX,0.0880676069,0.0098659053,0.7861319482,0.009555647,0.8116565384000001,0.8953778927,0,,,,0.0880676069,0.0098663022,0.7861003276,IXE
NETA,0.8706250204,0.0351592035,21.5587342661,0.033550126900000005,22.5926992326,0.6107203327,0,,,,0.8706250204,0.035161277000000005,21.5574629398,IXE
PBO,1.1054003068,0.7368514060000001,1.6582852776,0.7325020536,1.6681316215000002,4.8326263603,0,1.0551518239,0.5961819832,1.8674589353000002,1.1590609444,0.651383778,2.0624128482,IXE
RISAN,0.8010352011,0.4513035614,1.4217866825,0.4475396278,1.4337443065,3.4160345166,0,,,,0.8010352011,0.4513083196,1.4217716925000001,IXE
SECU,1.1706142713,0.7330996564000001,1.8692380499,0.7281086843,1.88205113,4.1880139757,0,,,,1.1706142713,0.7331059608,1.8692219751999999,IXE
SONELO,1.3631107299,0.2625104696,7.0780828846,0.2562738696,7.2503328754,1.1898736632,0,,,,1.3631107299,0.2625184155,7.0778686463,IXE
TILDRA,0.8777640942,0.37468166900000005,2.0563317312,0.3700545908,2.0820436339,2.3023581485999998,0,,,,0.8777640942,0.3746875301,2.0562995645,IXE
USK,1.0645874871,0.653092372,1.7353540884,0.6484508718,1.7477754554,4.0112635463,0,1.3654618473,0.332273115,5.6113057981,1.0292159317,0.6114459983,1.7324267997,IXE
ADA,1.4024896917,0.5664668819,3.4723606943,0.5590200814,3.5186165947,2.1619578444,0,,,,1.4024896917,0.5664763186,3.4723028497,CERTO
APRE,1.4129409658,0.5128325675000001,3.8928927284,0.5053018085000001,3.9509104054,1.9339321614,0,,,,1.4129409658,0.512842118,3.8928202321,CERTO
BIME,0.7394608453,0.24727399,2.2113217077,0.2433516063,2.246964177,1.7892609539,0,,,,0.7394608453,0.2472789673,2.2112771972,CERTO
BRODA,1.4748818371,0.5628780707000001,3.8645606333,0.5550190307,3.9192826068,2.0347355919,0,,,,1.4748818371,0.5628880339,3.8644922299999998,CERTO
DEUCRAVA,0.8700793971,0.0802097566,9.4382303219,0.0774666368,9.7724412582,0.8221685821,0,,,,0.8700793971,0.0802132703,9.4378168851,CERTO
ETA,1.1384900291,0.4650372085,2.7872168565,0.4589991413,2.8238822903000003,2.1891107875,0,0.39058823530000003,0.045997756800000004,3.3166654231,1.42893993,0.5331772181000001,3.8296259748,CERTO
FUM,1.1860955136,0.33172407270000004,4.2409420456,0.32561167890000003,4.3205531573,1.5383183401,0,,,,1.1860955136,0.3317318392,4.2408427568,CERTO
GUSEL,1.2846693024,0.5232114856,3.1543176361,0.5163959935,3.1959489176,2.1819699253,0,,,,1.2846693024,0.5232201218,3.1542655715,CERTO
IFX,1.6884579576,0.568633303,5.0135830236,0.5596712684,5.0938656947,1.8009157926000001,0,,,,1.6884579576,0.5686446749,5.0134827609,CERTO
IXE,1.2943702131,0.5232312802,3.2020146963,0.5163591107000001,3.2446299755,2.1639383119,0,,,,1.2943702131,0.5232399886,3.2019614041,CERTO
MTX,0.1139920871,0.0114261753,1.1372305790000001,0.0110489012,1.1760622744,0.8520915807,0,,,,0.1139920871,0.0114266582,1.1371825126,CERTO
NETA,1.1269110932,0.0421424407,30.1341970618,0.040168685,31.6148913907,0.5964371466,0,,,,1.1269110932,0.0421449855,30.1323774833,CERTO
PBO,1.4307972308,0.6335285854,3.2313943883,0.6260394558,3.270050628,2.4058468453,0,1.6495087860000002,0.7196829832,3.7806635679,0.029204777100000003,0.0003813634,2.2364992497,CERTO
RISAN,1.0368361039,0.4112812784,2.6138537366,0.4057675374,2.6493718873,2.1197168691,0,,,,1.0368361039,0.4112882664,2.6138093258,CERTO
SECU,1.5152082438,0.631268676,3.6368920388,0.6232520282,3.6836719627,2.238524883,0,,,,1.5152082438,0.6312788325,3.6368335256,CERTO
SONELO,1.764369926,0.2929071132,10.6279468647,0.2853293759,10.9102023798,1.0915003738,0,,,,1.764369926,0.2929167782,10.6275961877,CERTO
TILDRA,1.1361516976,0.3692707119,3.4956486890000003,0.3632622809,3.55346742,1.7439706647,0,,,,1.1361516976,0.36927833800000004,3.4955764996,CERTO
USK,1.3779703326,0.57081073,3.326500603,0.5635146979,3.3695700301000002,2.2239639783,0,,,,1.3779703326,0.5708199739,3.3264467332,CERTO
ADA,1.0917126213,0.6787161366000001,1.7560160769,0.6740236069000001,1.7682414020000001,4.1237115556,0,1.0979098609,0.5434584443,2.2180280303,1.0865276777,0.5701196943,2.0706921829,GUSEL
APRE,1.0998480023,0.5394449477000001,2.2424264667,0.5338645712,2.2658660893,2.7513153447,0,,,,1.0998480023,0.5394520092,2.2423971129,GUSEL
BIME,0.5756040437000001,0.2582124829,1.2831293491,0.2552086665,1.2982318338,2.4449963853,0,,,,0.5756040437000001,0.2582162865,1.2831104483,GUSEL
BRODA,1.1480634233,0.6111131477,2.1568012877,0.6055142751,2.1767440971,3.1083989314,0,,,,1.1480634233,0.6111202284,2.156776298,GUSEL
CERTO,0.7784104424,0.3170257772,1.9112730272,0.31289611500000003,1.9364983705,2.1819699253,0,,,,0.7784104424,0.31703101,1.9112414801000002,GUSEL
DEUCRAVA,0.6772788884000001,0.0697711593,6.5744456177,0.0674943768,6.7962208813,0.8623487277,0,,,,0.6772788884000001,0.0697740733,6.5741710458,GUSEL
ETA,0.8862125272,0.5289181635,1.4848660863,0.5249484096,1.4960949097,3.7975438316,0,,,,0.8862125272,0.5289231797,1.484852004,GUSEL
FUM,0.9232691334,0.3225314744,2.6429231264,0.3176178759,2.6838095631,1.8636137994,0,,,,0.9232691334,0.3225377076,2.6428720508,GUSEL
IFX,1.3143133057,0.5811569232,2.9723804307,0.5742754368,3.0079981746,2.4018171599,0,,,,1.3143133057,0.5811656377000001,2.9723358599000003,GUSEL
IXE,1.0075512902,0.6393253583,1.5878606865,0.6350945832,1.5984384517999999,4.3089735585,0,1.096875,0.565661591,2.1269514935,0.9339402139,0.4994803752,1.7463034914,GUSEL
MTX,0.0887326309,0.0099815091,0.7888065519,0.0096681977,0.8143689293,0.8970689337000001,0,,,,0.0887326309,0.0099819099,0.7887748836,GUSEL
NETA,0.8771993626,0.0355244967,21.6605101873,0.0339000942,22.6984242785,0.6112561349,0,,,,0.8771993626,0.0355265898,21.6592339788,GUSEL
PBO,1.1137475054000001,0.7596108762,1.6329854463,0.7553796071000001,1.6421326363,5.1217802319,0,0.9379467841,0.43878622030000003,2.0049494018,1.1807420811,0.7581793584000001,1.838815376,GUSEL
RISAN,0.8070840503000001,0.472406602,1.3788644392,0.4687277966,1.3896864427,3.6595310151,0,,,,0.8070840503000001,0.4724112512,1.3788508690999999,GUSEL
SECU,1.1794539193,0.8204885834000001,1.6954672814,0.8161537277,1.7044724548999999,5.4008351917,0,1.164839052,0.7402196157,1.8330370991,1.2059669194,0.6582913793,2.2092894674,GUSEL
SONELO,1.3734039746,0.2673362461,7.0556780276,0.2610257374,7.2262547609,1.1976484231,0,,,,1.3734039746,0.2673442855,7.0554658537,GUSEL
TILDRA,0.8843923456,0.3748618346,2.0865016086,0.3701944761,2.1128079196,2.283468692,0,,,,0.8843923456,0.37486774710000004,2.0864687,GUSEL
USK,1.0726264962,0.6771885368,1.698976781,0.6726576025000001,1.7104208681,4.2616490182,0,,,,1.0726264962,0.6771942598,1.6989624229,GUSEL
ADA,0.9256085409,0.577485004,1.4835903358,0.573521929,1.4938420445,4.1545762819,0,,,,0.9256085409,0.5774900102,1.4835774748000001,SECU
APRE,0.9325061236000001,0.47061024300000004,1.8477448874,0.46593601020000003,1.8662813164,2.8661445717,0,,,,0.9325061236000001,0.4706161567,1.8477216691,SECU
BIME,0.4880258858,0.2237758816,1.0643205313,0.2212434281,1.0765032312,2.5137118278,0,,,,0.4880258858,0.2237790878,1.0643052823,SECU
BRODA,0.9733855681,0.5384790263,1.7595475738,0.533845674,1.7748190354000002,3.3106334031999998,0,,,,0.9733855681,0.5384848842000001,1.7595284322,SECU
CERTO,0.6599752899,0.2749600454,1.5841115488000002,0.2714682551,1.6044873579,2.238524883,0,,,,0.6599752899,0.2749644692,1.5840860624,SECU
DEUCRAVA,0.5742309024000001,0.059689961400000005,5.5242308981,0.0577497316,5.7098296393,0.8657749636000001,0,,,,0.5742309024000001,0.059692444500000004,5.5240010997999995,SECU
ETA,0.7513752871,0.46378127140000003,1.2173083666,0.4605264153,1.2259119201,4.0622418343,0,0.5471277189,0.15370205350000002,1.9475910307,0.7927007168,0.4705172709,1.3354970484,SECU
FUM,0.7827937305,0.2788659828,2.1973494878,0.274696112,2.2307051232,1.8989710427,0,,,,0.7827937305,0.2788712718,2.1973078137,SECU
GUSEL,0.8478499953,0.5898079019,1.2187860018,0.5866917926,1.2252593673,5.4008351917,0,0.8584877012000001,0.5455426955,1.3509504190000001,0.8292101416000001,0.45263421330000003,1.5190841494,SECU
IFX,1.1143405301,0.505244943,2.4577283439,0.4994450951,2.4862689196,2.4779553358,0,,,,1.1143405301,0.5052522865,2.4576926226,SECU
IXE,0.8542523567,0.5349773401,1.3640710254,0.5313351928,1.3734213333,4.1880139757,0,,,,0.8542523567,0.5349819408,1.3640592949,SECU
MTX,0.0752319607,0.0085423922,0.6625600604,0.008275383800000001,0.6839378107,0.9009277925,0,,,,0.0752319607,0.008542733700000001,0.6625335745,SECU
NETA,0.7437334755,0.030311898700000003,18.248262432,0.0289285383,19.1208928811,0.6124727437,0,,,,0.7437334755,0.0303136812,18.2471894043,SECU
PBO,0.9442908172000001,0.6822631909,1.3069518617,0.6790340482,1.313167064,6.0304223603,0,0.8907452239,0.5610686562,1.4141354094,0.9997703561000001,0.6329701854,1.5791277190000002,SECU
RISAN,0.6842862083,0.4228400671,1.1073870508,0.41987934250000003,1.1151956467,4.0716083933,0,1.4908536586,0.5430022698,4.093251087,0.5442927654,0.3147947009,0.9411041978,SECU
SONELO,1.1644405535,0.2311066468,5.8670826712,0.2257153289,6.0072207279,1.2120336934,0,2.8225419665,0.15853250200000002,50.2530588637,0.7744086925,0.1096948439,5.4670648316,SECU
TILDRA,0.7498320461,0.324873161,1.7306695805,0.3209309158,1.751928747,2.3433360012,0,,,,0.7498320461,0.32487815410000004,1.7306429815,SECU
USK,0.9094263698,0.6193163763,1.3354342848,0.6158529420000001,1.3429445012,5.1015390154,0,0.7908634709,0.43489955290000004,1.4381827376,1.0032404329,0.6076817432,1.656280409,SECU
ADA,12.3033951553,1.3799284403,109.6966537695,1.3365560525,113.2564040694,0.8958592794,0,,,,12.3033951553,1.3799839175,109.6922438179,MTX
APRE,12.3950793626,1.3265296967,115.8194895916,1.2839565901,119.6598028215,0.8770621585,0,,,,12.3950793626,1.3265841701,115.8147337069,MTX
BIME,6.4869489137,0.6684249079,62.9547249209,0.6466150243000001,65.078144845,0.8624393725,0,,,,6.4869489137,0.6684528219,62.9520959871,MTX
BRODA,12.9384580559,1.416716574,118.1631527023,1.3717069059,122.0404272543,0.8861311529,0,,,,12.9384580559,1.4167741554,118.1583502373,MTX
CERTO,8.7725387419,0.8793291514,87.5183494748,0.8502951092000001,90.5067371845,0.8520915807,0,,,,8.7725387419,0.8793663189,87.5146504041,MTX
DEUCRAVA,7.6328052197,0.3418201872,170.4396571665,0.3266693013,178.3446295322,0.6310517617,0,,,,7.6328052197,0.3418396962,170.429930092,MTX
ETA,9.9874478875,1.119310879,89.1165423101,1.0841177137,92.0094875692,0.895543167,0,,,,9.9874478875,1.1193558945,89.1129584419,MTX
FUM,10.4050688444,0.9788393229000001,110.6059545463,0.9456432676000001,114.4886886751,0.8292151625,0,,,,10.4050688444,0.9788818379,110.6011506812,MTX
GUSEL,11.2698112258,1.2677379487,100.1852513723,1.227944687,103.4318942973,0.8970689337000001,0,,,,11.2698112258,1.2677888468,100.1812292227,MTX
IFX,14.8120628468,1.5312986116,143.27525938510001,1.4814055270000002,148.1007069173,0.8636926573,0,,,,14.8120628468,1.5313624672000001,143.2692850182,MTX
IXE,11.3549128409,1.2720510881,101.3591724698,1.2320482281,104.6501611541,0.8953778927,0,,,,11.3549128409,1.2721022558000001,101.3550955054,MTX
NETA,9.885871224,0.2120135686,460.9631851028,0.20045031300000002,487.5544885482,0.5101228688,0,,,,9.885871224,0.2120285376,460.930641541,MTX
PBO,12.551724138600001,1.46044095,107.8754870939,1.4152964503,111.31645163,0.9111534177,0,12.551724138600001,1.4604986784,107.8712231484,,,,MTX
RISAN,9.0956848907,1.0123649428000001,81.721008044,0.9804356696000001,84.3823681586,0.8927306705,0,,,,9.0956848907,1.0124057854,81.7177112374,MTX
SECU,13.2922230205,1.5092971335,117.0632269168,1.4621212402000001,120.8403160883,0.9009277925,0,,,,13.2922230205,1.5093574703,117.0585472946,MTX
SONELO,15.478003531,1.0599563991,226.0174036542,1.0192744317,235.0383624307,0.7310181129000001,0,,,,15.478003531,1.0600086218,226.0062686083,MTX
TILDRA,9.966934784,1.0103963307,98.3176462235,0.9771957117000001,101.6580279639,0.8562951378,0,,,,9.966934784,1.0104388285,98.3135111062,MTX
USK,12.088298128,1.3693081352,106.7159011706,1.3264614428,110.1629847016,0.8999361515000001,0,,,,12.088298128,1.3693629361,106.7116304839,MTX
ADA,1.1824424556,0.4105518192,3.405587542,0.4042611896,3.4585812264,1.8528404176,0,,,,1.1824424556,0.4105597996,3.4055213449,FUM
APRE,1.1912539502,0.3765580667,3.7685714351,0.3702806818,3.8324601949,1.7018475782,0,,,,1.1912539502,0.3765660357,3.7684916833,FUM
BIME,0.6234412295,0.1833989957,2.1193080427,0.18015248250000002,2.1574999202,1.601843208,0,,,,0.6234412295,0.1834031193,2.1192603932,FUM
BRODA,1.2434764488,0.4111709579,3.7605615109,0.4045824162,3.8218014843,1.7710994243,0,,,,1.2434764488,0.4111793192,3.7604850403,FUM
CERTO,0.8431024218000001,0.2357966672,3.0145536076,0.2314518451,3.0711429129,1.5383183401,0,,,,0.8431024218000001,0.2358021878,3.014483031,FUM
DEUCRAVA,0.7335660469,0.06360495520000001,8.4603336849,0.061374778500000005,8.7677570228,0.8015618162,0,,,,0.7335660469,0.0636078132,8.4599535571,FUM
ETA,0.9598637007,0.33273942640000004,2.7689484650000002,0.3276334333,2.8121010569,1.8500486215,0,,,,0.9598637007,0.33274590400000004,2.7688945616,FUM
GUSEL,1.0831078001,0.3783689317,3.1004726028,0.3726046787,3.148437402,1.8636137994,0,,,,1.0831078001,0.37837624400000003,3.1004126849,FUM
IFX,1.4235429931999999,0.4213440325,4.8095487224,0.4139225084,4.8957826944,1.6099165216,0,,,,1.4235429931999999,0.4213534585,4.8094411291,FUM
IXE,1.0912866614,0.3779820712,3.1506959408,0.3721772826,3.1998368331,1.8485928187,0,,,,1.0912866614,0.3779894353,3.1506345575,FUM
MTX,0.0961070047,0.0090411046,1.0216181314,0.0087344873,1.057481224,0.8292151625,0,,,,0.0961070047,0.0090414973,1.0215737602,FUM
NETA,0.9501014719,0.0339762292,26.5683634397,0.0323638044,27.8920486248,0.5884282019,0,,,,0.9501014719,0.033978308900000004,26.5667373407,FUM
PBO,1.2063086104,0.4529093474,3.2129618696,0.44647909620000004,3.2592353729,2.0007589591,0,1.2063086104,0.4529175002,3.2129040339,,,,FUM
RISAN,0.8741590302000001,0.29876546330000003,2.5577053040999997,0.2941199627,2.5981031794,1.8256275095999999,0,,,,0.8741590302000001,0.2987713573,2.5576548469000002,FUM
SECU,1.2774757399,0.4550937416,3.5859518969,0.44828874490000004,3.6403864348,1.8989710427,0,,,,1.2774757399,0.4551023729,3.5858838872,FUM
SONELO,1.4875445576000002,0.2277868064,9.714297531,0.2216323004,9.9840537979,1.0445133431,0,,,,1.4875445576000002,0.2277946607,9.7139625818,FUM
TILDRA,0.9578922478,0.27344955930000003,3.3554910851,0.2684912713,3.4174576852,1.5634745325,0,,,,0.9578922478,0.27345585840000003,3.3554137905,FUM
USK,1.1617701246,0.4117922029,3.277647835,0.40560483210000003,3.3276472953000003,1.8897372445,0,,,,1.1617701246,0.4118000511,3.2775853688,FUM
ADA,1.3526628619,0.8062697095,2.2693359262,0.8002032587,2.2865400735,3.7880830005,0,0.8911184211000001,0.367289405,2.1620336157,1.6783641739,0.8874228334,3.1742549261,RISAN
APRE,1.3627428293000001,0.6461918404,2.8738648539,0.6391920301,2.9053366303,2.6267884166,0,,,,1.3627428293000001,0.6462007002,2.8738254511,RISAN
BIME,0.7131897149,0.3135899122,1.6219895782,0.30985130450000004,1.6415602001,2.3854109883,0,,,,0.7131897149,0.3135946469,1.6219650892000002,RISAN
BRODA,1.4224831018000001,0.7371693274000001,2.7449028326000002,0.7301299658,2.7713671122,2.9817066123,0,,,,1.4224831018000001,0.7371782316000001,2.7448696776,RISAN
CERTO,0.9644725875000001,0.3825768772,2.4314260153,0.37744795470000003,2.464465261,2.1197168691,0,,,,0.9644725875000001,0.3825833775,2.4313847041,RISAN
DEUCRAVA,0.8391677275,0.0855704219,8.2295080424,0.0827657415,8.508381149,0.858492825,0,,,,0.8391677275,0.0855740118,8.2291628057,RISAN
ETA,1.0980424242,0.6162572969,1.9564833903,0.6110832396,1.9730489847000001,3.3932361096,0,,,,1.0980424242,0.6162638378,1.9564626245,RISAN
FUM,1.143956609,0.3909754569,3.3471070885,0.3848961842,3.3999732316999998,1.8256275095999999,0,,,,1.143956609,0.3909831701,3.3470410584,RISAN
GUSEL,1.2390283262,0.7252344550000001,2.1168205436,0.7195867854,2.1334343881,3.6595310151,0,,,,1.2390283262,0.7252415924000001,2.1167997109,RISAN
IFX,1.6284714153,0.6995672295,3.7907995666,0.6909922284000001,3.8378422235,2.3197045952,0,,,,1.6284714153,0.699578091,3.7907407116,RISAN
IXE,1.2483845887,0.7033403902,2.2158034758,0.6974744349,2.2344390034,3.4160345166,0,,,,1.2483845887,0.7033478056,2.2157801145000002,RISAN
MTX,0.1099422432,0.012236755600000001,0.9877860816,0.011850817000000001,1.0199547313,0.8927306705,0,,,,0.1099422432,0.0122372492,0.9877462322,RISAN
NETA,1.086874858,0.0436981528,27.0331096772,0.0416955904,28.3314600989,0.6098783002,0,,,,1.086874858,0.043700733400000004,27.0315133241,RISAN
PBO,1.3799647074,0.8894018859,2.14110474,0.8837174310000001,2.154877257,4.4620091282,0,1.8301853972000002,0.9318998412,3.594354715,1.12142503,0.6288013317000001,1.9999863777,RISAN
SECU,1.4613768155,0.9030266331000001,2.3649603663,0.8967036439,2.381636577,4.0716083933,0,0.6707566462,0.24430458300000002,1.8416129279,1.8372465402,1.0625815955,3.1766735503,RISAN
SONELO,1.7016864279,0.3252836509,8.9021894912,0.31752121310000003,9.1198212258,1.1845208644,0,,,,1.7016864279,0.3252935414,8.9019188234,RISAN
TILDRA,1.0957871676,0.4495800521,2.6708247198,0.44377135300000004,2.7057842033,2.1999870652,0,,,,1.0957871676,0.44958741210000003,2.6707809968,RISAN
USK,1.3290146122,0.8369000670000001,2.1105026863,0.8312693194,2.1247985441,4.2379442722,0,1.8637776306,0.9530302476,3.6448654855,0.9781579356000001,0.5165181929,1.8523896352,RISAN
ADA,1.8966382068,0.8860269703,4.0599627414,0.8762381578,4.1053182352,2.5752510617,0,2.0062893082,0.5894215817,6.8290624458,1.8307770647,0.6930957471,4.8359042376,BIME
APRE,1.9107718478,0.7391531646,4.9395027032000005,0.7289766998,5.0084578225,2.0636849174,0,,,,1.9107718478,0.7391660644,4.9394164997,BIME
BRODA,1.9945367580000002,0.823971381,4.8280522489,0.8134071608000001,4.8907571399,2.2171160598,0,,,,1.9945367580000002,0.823984766,4.8279738213000005,BIME
CERTO,1.3523366468,0.45221823510000003,4.0440969959,0.4450449234,4.1092804571,1.7892609539,0,,,,1.3523366468,0.4522273378,4.0440155944,BIME
DEUCRAVA,1.1766402543,0.1113966762,12.4283985477,0.10762879480000001,12.8634933714,0.8314523406000001,0,,,,1.1766402543,0.11140150160000001,12.4278602068,BIME
ETA,1.5396217883999999,0.6734351533,3.5199161192,0.6653555999999999,3.5626592026,2.3702976590000002,0,,,,1.5396217883999999,0.6734453858,3.5198626363,BIME
FUM,1.6040004296,0.4718521234,5.452592562,0.4634994378,5.550853288,1.601843208,0,,,,1.6040004296,0.4718627325,5.4524699686,BIME
GUSEL,1.7373053766000002,0.7793446551000001,3.8727794589,0.7702784464,3.918362231,2.4449963853,0,,,,1.7373053766000002,0.7793561352,3.8727224122,BIME
IFX,2.2833635726,0.8159850143,6.3895158773,0.8038203388,6.4862120964,1.9047454377,0,,,,2.2833635726,0.8160004433,6.3893950637,BIME
IXE,1.7504242737,0.7674562098000001,3.9923908346,0.7582748496,4.040731589,2.3771058776,0,,,,1.7504242737,0.7674678376,3.9923303464,BIME
MTX,0.1541556768,0.0158844313,1.4960543632,0.0153661418,1.5465152563,0.8624393725,0,,,,0.1541556768,0.0158850946,1.4959918893,BIME
NETA,1.523963169,0.058098976100000005,39.9742628276,0.0553934603,41.9266773879,0.5999531924,0,,,,1.523963169,0.058102463900000005,39.9718632267,BIME
PBO,1.9349195293,0.9295268923000001,4.0277625272,0.9196325486,4.0710972991,2.6734128369,0,1.726556806,0.6056841078,4.9217048392,2.1585883914,0.7734052336,6.0246603478,BIME
RISAN,1.4021514601,0.6165267727,3.1888780893,0.6091765626,3.2273544939,2.3854109883,0,,,,1.4021514601,0.6165360812,3.1888299432,BIME
SECU,2.0490716356,0.9395665785,4.4687568331,0.9289335796,4.5199082691,2.5137118278,0,,,,2.0490716356,0.9395800403000001,4.468692807,BIME
SONELO,2.3860221094,0.41135398570000004,13.8399084609,0.40093288460000004,14.1996372095,1.1149484894,0,,,,2.3860221094,0.4113672736,13.8394614065,BIME
TILDRA,1.536459577,0.5279594078000001,4.4713816949,0.5197910427,4.5416481587,1.8348337495,0,,,,1.536459577,0.5279697711,4.4712939282,BIME
USK,1.863479779,0.8722164062000001,3.9813019588,0.8626044424,4.0256654339,2.5817897071,0,1.9693251533,0.5784042955,6.7050704667000005,1.8004131478,0.6844224591,4.7360916635,BIME
ADA,1.6119100123,0.1655836548,15.6914877305,0.1601736739,16.2214790038,0.8612739979,0,,,,1.6119100123,0.1655905791,15.6908315812,DEUCRAVA
APRE,1.6239218748000002,0.1594587892,16.5379548409,0.1541473757,17.1077985778,0.8445313091000001,0,,,,1.6239218748000002,0.1594655896,16.5372495866,DEUCRAVA
BIME,0.8498774339,0.0804608893,8.9769285274,0.0777393801,9.2911938867,0.8314523406000001,0,,,,0.8498774339,0.08046437470000001,8.9765396882,DEUCRAVA
BRODA,1.6951117818,0.17015411190000002,16.8870673828,0.1645393125,17.4633278167,0.8526189806000001,0,,,,1.6951117818,0.1701612995,16.8863540717,DEUCRAVA
CERTO,1.1493203992,0.10595206580000001,12.4673112329,0.10232857620000001,12.9087829514,0.8221685821,0,,,,1.1493203992,0.1059567072,12.4667651087,DEUCRAVA
ETA,1.3084898147000001,0.1343150157,12.747238912,0.1299252417,13.177928883,0.8609930903,0,,,,1.3084898147000001,0.1343206343,12.7467057044,DEUCRAVA
FUM,1.3632037691,0.1181986476,15.7220455016,0.1140542555,16.2933378272,0.8015618162,0,,,,1.3632037691,0.1182039586,15.7213391007,DEUCRAVA
GUSEL,1.4764966354,0.1521040797,14.332569641,0.1471405973,14.8160490999,0.8623487277,0,,,,1.4764966354,0.15211043230000001,14.3319710626,DEUCRAVA
IFX,1.9405791738,0.18430646250000002,20.4325311203,0.1780807439,21.1468542147,0.8325751583000001,0,,,,1.9405791738,0.1843144353,20.4316472709,DEUCRAVA
IXE,1.4876460900000001,0.1526459071,14.4981999958,0.14765619330000002,14.9881345272,0.8608462132,0,,,,1.4876460900000001,0.1526522935,14.4975934433,DEUCRAVA
MTX,0.131013431,0.005867179100000001,2.9255147514,0.0056071215,3.0611998005,0.6310517617,0,,,,0.131013431,0.005867514000000001,2.9253477908,DEUCRAVA
NETA,1.2951819075,0.0264035439,63.5329931952,0.024945023900000002,67.2477277609,0.5034796358,0,,,,1.2951819075,0.026405432700000002,63.5284486457,DEUCRAVA
PBO,1.6444444444,0.174992437,15.4532251651,0.1693622537,15.9669434693,0.8748378712,0,1.6444444444,0.1749996412,15.4525889975,,,,DEUCRAVA
RISAN,1.1916568848,0.12151394650000001,11.6862810573,0.117531171,12.0822937334,0.858492825,0,,,,1.1916568848,0.1215190444,11.6857908052,DEUCRAVA
SECU,1.7414597436,0.1810206739,16.7532358209,0.1751365738,17.3160977897,0.8657749636000001,0,,,,1.7414597436,0.1810282044,16.7525389159,DEUCRAVA
SONELO,2.0278263477,0.12920107020000002,31.8269785958,0.12411143890000001,33.1321571252,0.7118601342,0,,,,2.0278263477,0.1292076071,31.8253683999,DEUCRAVA
TILDRA,1.3058023226,0.12169611100000001,14.0112916675,0.11755287610000001,14.5051296325,0.8259427284,0,,,,1.3058023226,0.12170141770000001,14.0106807146,DEUCRAVA
USK,1.5837294127,0.16424615010000002,15.2709750043,0.1589019644,15.7845679383,0.8648948181,0,,,,1.5837294127,0.16425298970000002,15.2703391123,DEUCRAVA
ADA,1.2445433363,0.0502998043,30.7931241018,0.0479983733,32.2695960025,0.6108730242,0,,,,1.2445433363,0.0503027699,30.7913086741,NETA
APRE,1.2538176031,0.0490711179,32.0363311322,0.0468039317,33.5881736044,0.6048117787,0,,,,1.2538176031,0.0490740401,32.0344234828,NETA
BIME,0.6561838372000001,0.0250160961,17.2120072873,0.0238511626,18.0526725369,0.5999531924,0,,,,0.6561838372000001,0.0250175979,17.2109740737,NETA
BRODA,1.3087827833,0.052034360700000004,32.9188703387,0.0496416627,34.505539906,0.6077616381000001,0,,,,1.3087827833,0.0520374443,32.9169196511,NETA
CERTO,0.8873814501,0.0331848895,23.7290480552,0.0316306638,24.8950146417,0.5964371466,0,,,,0.8873814501,0.0331868934,23.7276152357,NETA
DEUCRAVA,0.7720923171,0.0157398534,37.8737037962,0.0148703909,40.0881556825,0.5034796358,0,,,,0.7720923171,0.0157409794,37.8709946696,NETA
ETA,1.0102749329,0.04081005,25.0099041748,0.0389425165,26.2092831288,0.6107727711000001,0,,,,1.0102749329,0.040812456500000004,25.0084294583,NETA
FUM,1.0525191568,0.037638750400000004,29.4323420308,0.0358525117,30.8987159456,0.5884282019,0,,,,1.0525191568,0.0376410542,29.4305406438,NETA
GUSEL,1.1399917084,0.0461669643,28.1495895532,0.0440559216,29.4984430847,0.6112561349,0,,,,1.1399917084,0.0461696845,28.1479310168,NETA
IFX,1.4983062708000001,0.057251983000000006,39.2112475992,0.0545877367,41.1250185095,0.6003746245,0,,,,1.4983062708000001,0.057255417600000004,39.2088954532,NETA
IXE,1.1486001166,0.0463849124,28.442054974,0.0442620862,29.8061465786,0.6107203327,0,,,,1.1486001166,0.0463876479,28.4403777357,NETA
MTX,0.1011544635,0.0021693706,4.7166792517000005,0.0020510528,4.9887674646,0.5101228688,0,,,,0.1011544635,0.0021695238,4.7163462587,NETA
PBO,1.2696629214000001,0.0526103136,30.6412150822,0.0502214377,32.0987213063,0.6156562867,0,1.2696629214000001,0.0526133913,30.6394226451,,,,NETA
RISAN,0.9200691254000001,0.036991674700000005,22.884262520100002,0.0352964512,23.9833514613,0.6098783002,0,,,,0.9200691254000001,0.0369938593,22.8829111638,NETA
SECU,1.3445676885,0.054799738,32.9903451251,0.052298812900000005,34.5679407887,0.6124727437,0,,,,1.3445676885,0.054802960500000004,32.9884052387,NETA
SONELO,1.5656691434,0.0443813213,55.2331430089,0.0421319666,58.1819474286,0.5500596536,0,,,,1.5656691434,0.0443842273,55.2295267068,NETA
TILDRA,1.0081999409,0.038001873900000004,26.74781576,0.036226217000000005,28.0588812441,0.597873344,0,,,,1.0081999409,0.0380041631,26.7462045393,NETA
USK,1.2227853119,0.049755151000000004,30.0512386778,0.047483318600000005,31.4890357882,0.6121609046,0,,,,1.2227853119,0.0497580784,30.0494707156,NETA
ADA,1.0177938222,0.6235584309000001,1.6612785796,0.6191148432,1.6732021139,4.0004068232,0,,,,1.0177938222,0.6235640448,1.6612636233,USK
APRE,1.0253783644,0.5138038312000001,2.0463078053,0.5086476477,2.0670513169999998,2.8365697943,0,,,,1.0253783644,0.5138103549,2.0462818239,USK
BIME,0.5366304541,0.251174116,1.1465044602,0.24840613720000002,1.1592799097,2.5817897071,0,0.507788162,0.1491408636,1.7288944909000001,0.5554280701000001,0.211144562,1.4610858933,USK
BRODA,1.0703291662,0.6090182012,1.8810677937,0.6040261098,1.8966142447,3.4759578061,0,1.4978509317,0.6327311942,3.5458302578,0.8322295835,0.3948334613,1.7541727017,USK
CERTO,0.7257050289,0.3006162088,1.7518941874,0.2967737697,1.7745766059,2.2239639783,0,,,,0.7257050289,0.3006210771,1.751865817,USK
DEUCRAVA,0.6314209940000001,0.0654837035,6.088422769,0.0633530169,6.2931884053000005,0.8648948181,0,,,,0.6314209940000001,0.0654864304,6.0881692436,USK
ETA,0.8262079394,0.5070117595,1.3463584352,0.5034107393,1.3559892666,4.0138248672,0,0.8011527377000001,0.2430670382,2.6406118816,0.8313471441,0.4867906444,1.419785039,USK
FUM,0.8607554789,0.3050968409,2.4284092629,0.3005126179,2.4654538627,1.8897372445,0,,,,0.8607554789,0.3051026556,2.4283629816,USK
GUSEL,0.9322909732,0.5885895624,1.4766936321,0.5846514262,1.4866404488,4.2616490182,0,,,,0.9322909732,0.5885945366,1.4766811525,USK
IFX,1.2253224308,0.5520438268,2.7197388807,0.5456561255,2.7515773933,2.4581985292,0,,,,1.2253224308,0.5520519149,2.7196990337,USK
IXE,0.9393309729,0.5762512715,1.5311769712,0.5721558779,1.5421368734,4.0112635463,0,0.7323529412,0.1782116384,3.0095724119,0.971613409,0.5772249657,1.6354674048,USK
MTX,0.0827246308,0.0093706747,0.7302958146,0.0090774592,0.7538854638,0.8999361515000001,0,,,,0.0827246308,0.0093710498,0.7302665887,USK
NETA,0.8178050474,0.0332764985,20.0984215571,0.0317570854,21.0600275909,0.6121609046,0,,,,0.8178050474,0.0332784564,20.0972391349,USK
PBO,1.0383367456,0.7385434773,1.4598235993,0.734879779,1.4671014608,5.7529384809,0,1.023862602,0.6416070947,1.6338575997,1.0549975208,0.6413738996,1.7353680428,USK
RISAN,0.7524371747,0.4738207662,1.1948857928,0.47063285260000004,1.20297956,4.2379442722,0,0.5365446948,0.2743585474,1.0492846397,1.0223297932,0.5398432279000001,1.9360402279,USK
SECU,1.0995942423,0.7488200740000001,1.6146836063,0.7446324097,1.6237642653000002,5.1015390154,0,1.2644407497,0.6953219322,2.2993815317,0.9967700336,0.6037624997000001,1.6455982283,USK
SONELO,1.2804121281,0.2506864677,6.5398632506,0.2447897245,6.6974021108,1.2019125708,0,,,,1.2804121281,0.2506939797,6.5396672857,USK
TILDRA,0.8245110005,0.3555244326,1.9121565994,0.35118572800000003,1.9357802318,2.3300144226,0,,,,0.8245110005,0.355529928,1.9121270431,USK
ADA,1.2344211557,0.5151800870000001,2.9577920966,0.5086505656,2.9957611232,2.2429711902,0,,,,1.2344211557,0.5151883594000001,2.9577446036,TILDRA
APRE,1.2436199926,0.4675872189,3.307598291,0.46095821410000004,3.3551646091,2.0036887118,0,,,,1.2436199926,0.4675956236,3.3075388388,TILDRA
BIME,0.6508469308,0.2236445171,1.8940850096,0.2201843835,1.923850005,1.8348337495,0,,,,0.6508469308,0.223648907,1.8940478315,TILDRA
BRODA,1.2981381274000001,0.5104096568000001,3.3015883912,0.5035021425,3.3468826753,2.0996865726,0,,,,1.2981381274000001,0.5104184118,3.3015317602,TILDRA
CERTO,0.8801641560000001,0.2860699369,2.7080403826,0.28141527180000003,2.7528319141,1.7439706647,0,,,,0.8801641560000001,0.2860758447,2.7079844583,TILDRA
DEUCRAVA,0.7658126982,0.0713710073,8.2171894559,0.0689411281,8.5068101573,0.8259427284,0,,,,0.7658126982,0.0713741195,8.2168311509,TILDRA
ETA,1.0020581156,0.4587381817,2.1888748464,0.45353603200000003,2.2139816818,2.5085378518,0,1.3888178914,0.5337516595,3.6136939366,0.5202978175,0.1341976385,2.017247263,TILDRA
FUM,1.0439587566,0.2980189709,3.656981575,0.2926151813,3.724515867,1.5634745325,0,,,,1.0439587566,0.29802583600000004,3.6568973355,TILDRA
GUSEL,1.1307198723,0.4792711378,2.6676495383,0.4733037919,2.7012828786,2.283468692,0,,,,1.1307198723,0.47927869710000004,2.6676074638,TILDRA
IFX,1.4861201731,0.5150741197,4.2878356429,0.5071687974,4.3546708324,1.8497314411999999,0,,,,1.4861201731,0.5150841486000001,4.2877521568,TILDRA
IXE,1.1392582662,0.48630285900000003,2.6689322773,0.48029733080000003,2.7023039974,2.3023581485999998,0,,,,1.1392582662,0.4863104663,2.6688905279,TILDRA
MTX,0.1003317491,0.0101711141,0.9897106409,0.0098369014,1.0233364596,0.8562951378,0,,,,0.1003317491,0.0101715419,0.9896690149,TILDRA
NETA,0.9918667512,0.0373862303,26.3144918419,0.0356393397,27.6043176092,0.597873344,0,,,,0.9918667512,0.0373884825,26.3129067236,TILDRA
PBO,1.259336437,0.5760003347,2.7533460762,0.5694609334,2.7849641101,2.505650555,0,1.0271771642,0.3998197362,2.6389215715,1.9706743972,0.4865788042,7.9813537838,TILDRA
RISAN,0.9125859743,0.3744161841,2.224297976,0.36957862300000005,2.253412694,2.1999870652,0,,,,0.9125859743,0.3744223136,2.2242615629,TILDRA
SECU,1.333631985,0.5778110457,3.0781243882,0.5707994698000001,3.1159353949,2.3433360012,0,,,,1.333631985,0.5778199263,3.0780770799,TILDRA
SONELO,1.5529351668,0.2618440797,9.2100903519,0.25512783440000003,9.4525461617,1.1010290405,0,,,,1.5529351668,0.261852645,9.209789088,TILDRA
USK,1.2128400948,0.5229697193,2.8127462094,0.5165875669000001,2.8474961260000002,2.3300144226,0,,,,1.2128400948,0.5229778030000001,2.8127027326,TILDRA
ADA,0.7948954871,0.1532223694,4.1238027969,0.14958417870000001,4.2241020459,1.190533763,0,,,,0.7948954871,0.1532270046,4.1236780475,SONELO
APRE,0.8008190034,0.14471665320000002,4.4314946625000005,0.141147399,4.5435557507,1.1456245151,0,,,,0.8008190034,0.1447212028,4.4313553500000005,SONELO
BIME,0.41910760010000003,0.0722548132,2.4309962583,0.0704243345,2.4941830376,1.1149484894,0,,,,0.41910760010000003,0.0722571472,2.4309177326,SONELO
BRODA,0.8359255139,0.1558351396,4.4840429855,0.15206071200000001,4.5953452116,1.166846653,0,,,,0.8359255139,0.1558399497,4.4839045848,SONELO
CERTO,0.5667745665,0.0940915506,3.4140516047,0.0916573282,3.5047215061,1.0915003738,0,,,,0.5667745665,0.09409465530000001,3.4139389556,SONELO
DEUCRAVA,0.49313887310000004,0.0314198848,7.7398739681,0.030182158,8.0572750463,0.7118601342,0,,,,0.49313887310000004,0.0314214744,7.7394823911,SONELO
ETA,0.6452671927,0.1241891276,3.3527069398,0.1212375945,3.4343286964,1.1894222564999999,0,,,,0.6452671927,0.12419288810000001,3.3526054221,SONELO
FUM,0.6722487706,0.1029410513,4.3900698898,0.1001597167,4.5119777129,1.0445133431,0,,,,0.6722487706,0.10294460080000001,4.3899185201,SONELO
GUSEL,0.728117887,0.1417298233,3.7406076228,0.1383842714,3.831039843,1.1976484231,0,,,,0.728117887,0.14173408540000001,3.7404951377,SONELO
IFX,0.956975027,0.1653099405,5.5399040093,0.1611266767,5.6837341945,1.1162016254,0,,,,0.956975027,0.1653152745,5.5397252612,SONELO
IXE,0.7336161165,0.1412811938,3.8093718755,0.1379247018,3.9020755469,1.1898736632,0,,,,0.7336161165,0.1412854702,3.809256574,SONELO
MTX,0.0646078157,0.004424438,0.9434350327000001,0.0042546246000000005,0.9810900469,0.7310181129000001,0,,,,0.0646078157,0.004424656,0.9433885531,SONELO
NETA,0.6387045464000001,0.018105071400000002,22.5320015401,0.0171874618,23.734947128599998,0.5500596536,0,,,,0.6387045464000001,0.0181062569,22.5305262931,SONELO
PBO,0.8109394802000001,0.1636503924,4.0184617408,0.1598715753,4.1134444268,1.2246471262,0,1.0831168831,0.1826843455,6.4216897154,0.2388558121,0.0061597608000000005,9.2620640216,SONELO
RISAN,0.5876523334,0.1123319158,3.0742399661,0.10965127220000001,3.1493958789,1.1845208644,0,,,,0.5876523334,0.11233533130000001,3.074146495,SONELO
SECU,0.8587814956,0.1704424594,4.3270066607,0.16646633200000002,4.4303592703,1.2120336934,0,0.3542905692,0.0198992862,6.3078547782,1.2913078193,0.18291350680000001,9.116198764,SONELO
TILDRA,0.6439418859,0.1085765679,3.8190666794,0.10579160180000001,3.9196036849,1.1010290405,0,,,,0.6439418859,0.1085801195,3.818941757,SONELO
USK,0.7809985379000001,0.152908396,3.9890465930000003,0.1493116261,4.0851387939,1.2019125708,0,,,,0.7809985379000001,0.152912978,3.9889270625,SONELO
