Study ID,Year,Author,t,y1,y1bas,sd1,sd1bas,n1,y2,y2bas,sd2,sd2bas,n2,HTN stage,Intervention (weeks),rob,Age,Male %,Female %,BMI,Body fat %,Fasting glucose,Hba1c,eGFR
1,2015,Abdelaal ,CONTROL,145.26,145,2.83,2.94,19,94.21,94,1.44,1.44,19,3,12,L,52.4,44,56,32.6,,121.36,9.32,
1,2015,Abdelaal ,EXE,139.65,145.4,10.16,2.58,40,89.62,93.9,7.08,1.34,40,3,12,L,52.4,44,56,32.6,,121.36,9.32,
2,2020,Amanat,CONTROL,135.12,133.08,11.09,11.12,15,88.06,87.31,7.5,9.14,15,2,12,M,54.5,0,100,28.78,33.33,156.94,,
2,2020,Amanat,EXE,130.21,133.08,9.48,15.21,43,88.47,91.26,6.99,10.11,43,2,12,M,54.5,0,100,28.78,33.33,156.94,,
3,2019,Ballin,CONTROL,131,136,13,15,36,81,83,7,7,36,2,10,L,70.7,48,52,29.2,,,,
3,2019,Ballin,EXE,136,143,14,14,36,80,84,9,7,36,2,10,L,70.7,48,52,29.2,,,,
4,2000,Blumenthal,CONTROL,141,143.8,3.4,1.4,24,93,94.4,1.3,0.7,24,3,24,M,47.4,46,54,31.4,33.1,90,,
4,2000,Blumenthal,EXE,132,138.1,2.3,2.1,55,89,93.6,2.2,1,55,3,24,M,47.4,46,54,31.4,33.1,90,,
4,2000,Blumenthal,EXE+DIET,133,142.7,3.1,1.4,54,86,93.2,2.2,0.7,54,3,24,M,47.4,46,54,31.4,33.1,90,,
5,2021,Blumenthal,CONTROL,133.2,140,13.16,10,50,70.8,80,8,8,50,2,16,L,62.5,52,48,34.15,,104.5,5.95,
5,2021,Blumenthal,EXE,126.4,139,11.85,10,90,67.2,79,9,9,90,2,16,L,62.5,52,48,34.15,,104.5,5.95,
6,2022,Brennan,CONTROL,135,139.8,10.5,11,20,72.4,73.7,8.6,8.3,20,2,24,M,68.96,36,64,34.1,,104.8,5.63,
6,2022,Brennan,DIET,129.5,135.1,15.8,11.1,21,75.25,75.2,11.4,11.1,21,2,24,M,68.96,36,64,34.1,,104.8,5.63,
6,2022,Brennan,EXE,133.5,134.5,13,15.3,20,71.3,72.6,8.7,11.7,20,2,24,M,68.96,36,64,34.1,,104.8,5.63,
7,2020,Dianatinasab,CONTROL,135.12,133.08,11.09,11.12,15,88.06,87.31,7.5,9.14,15,2,8,M,53.47,0,100,29.5,34.81,112.96,,
7,2020,Dianatinasab,EXE,130.21,133.26,9.48,15.21,39,88.47,91.26,6.99,10.19,39,2,8,M,53.47,0,100,29.5,34.81,112.96,,
9,2018,Dieli-Conwright ,CONTROL,135.9,133.7,9.8,9.7,50,95.6,94.9,10.6,10.3,50,3,16,H,53.24,0,100,32.55,36.65,100.55,,
9,2018,Dieli-Conwright ,EXE,120.7,132.9,9.5,13,50,82,93.7,8.7,11.3,50,3,16,H,53.24,0,100,32.55,36.65,100.55,,
10,2025,Eichel,CONTROL,148,144,16,19.39,19,88,89,13,10,19,3,10,L,54,24,76,33.6,,,40.8,
10,2025,Eichel,EXE,144,145,14,17.8,23,87,90,13,14.2,23,3,10,L,50.7,31,69,34.8,,,38.3,
11,2025,Eichel,EXE,146,142,17,14.9,18,90,89,10,7.6,18,3,10,L,52.1,43,57,33.4,,,39.7,
11,2025,Eichel,CONTROL,148,144,16,19.39,19,88,89,13,10,19,3,10,L,54,24,76,33.6,,,40.8,
12,2014,Hunt,CONTROL,137.7,141.2,12.37,14.9,280,88,89.5,10.1,10.1,280,2,3,L,47.1,100,0,34.3,30.15,,,
12,2014,Hunt,EXE+DIET,131.9,139.4,13.9,17.6,295,84.5,88.2,10.3,10.3,295,2,3,L,47.1,100,0,34.3,30.15,,,
13,2013,Khalid,CONTROL,145,154,6.7,6.7,13,95,95,3.7,4.2,13,3,8,L,52.8,0,100,33.75,,,,
13,2013,Khalid,EXE,124,148,5.6,5.6,12,85,94,5.4,4.1,12,3,8,L,52.8,0,100,33.75,,,,
14,1995,Kokkinos,CONTROL,138,139,10,13,23,90,88.5,7,6,23,2,32,M,57.5,100,0,30.5,,,,
14,1995,Kokkinos,EXE,131,135,15,38.36,23,83,88.5,8,7,23,2,32,M,57.5,100,0,30.5,,,,
15,2014,Latosik,CONTROL,142.8,149.4,7.1,,10,86.2,86.8,4.84,,10,3,8,M,,0,100,27.9,,,,
15,2014,Latosik,EXE,135.6,145.8,14.5,,15,83.2,85.2,9.48,,15,3,8,M,,0,100,27.9,,,,
16,2024,Ma,EXE,126.03,130.67,9.91,9,30,77.23,80.13,7.92,8.6,30,2,24,M,57.73,53,47,26.56,,81.1,7.87,
16,2024,Ma,CONTROL,135.06,132.48,8.73,10.19,31,79.03,79.06,6.79,8.79,31,2,24,M,56.29,35,65,26.92,,83.6,8.23,
17,2024,Ma,EXE,128.16,131.31,11.3,11.15,32,76.16,78.34,7.79,8.99,32,2,24,M,57.56,50,50,26.33,,81.8,8.01,
17,2024,Ma,CONTROL,135.06,132.48,8.73,10.19,31,79.03,79.06,6.79,8.79,31,2,24,M,56.29,35,65,26.92,,83.6,8.23,
18,2019,Maddison,CONTROL,137.5,143.4,14.8,14.9,39,92.8,94.8,9.8,11.2,39,3,12,M,42.65,100,0,,35.2,,,
18,2019,Maddison,EXE,138.4,143.1,18,16.9,45,88.7,94.5,15.7,13.9,45,3,12,M,42.65,100,0,,35.2,,,
19,2018,Masroor,CONTROL,149,149.4,10.2,11.6,13,86.3,85,6.4,3.8,13,3,4,M,40.6,0,100,29.15,,,,
19,2018,Masroor,EXE,122.5,141.6,9.2,4.6,15,77.4,84.6,5.7,6.5,15,3,4,M,40.6,0,100,29.15,,,,
20,2018,Ramos,CONTROL,140.2,134.1,9,5.5,12,89.1,87.8,7.9,4.5,12,3,12,M,60.6,83,17,31.9,29.44,124.5,,
20,2018,Ramos,EXE,143.4,147.8,13.4,8.2,12,89.1,99.2,8.1,4.8,12,3,12,M,60.6,83,17,31.9,29.44,124.5,,
21,2020,Son,CONTROL,138.9,138.9,4.1,4.2,10,81.7,81.4,2.4,2.4,10,2,12,M,67.55,0,100,26.5,,,,
21,2020,Son,EXE,135.5,138.5,5,3.3,10,80,81.7,1.7,2.2,10,2,12,M,67.55,0,100,26.5,,,,
22,2005,Stewart,CONTROL,141.5,141.7,0.91,,53,74.9,76.4,15.04,,53,3,24,M,63.55,49,51,29.25,35.95,102.4,,
22,2005,Stewart,EXE,135,140.3,18.85,11.42,51,73.1,76.8,21.13,,51,3,24,M,63.55,49,51,29.25,35.95,102.4,,
23,2024,Rodrigues-da-Silva ,CONTROL,160.2,152.5,15.1,13.6,12,75.8,75.2,8.6,6.3,12,3,16,H,66.95,23,77,29.37,,,,
23,2024,Rodrigues-da-Silva ,EXE,138.8,150.3,15.8,15.8,19,66.5,72.4,7.4,7,19,3,16,H,66.95,23,77,29.37,,,,
24,2022,Abdulaali ,CONTROL,136.06,144.4,16.28,,20,87.88,90.73,3.04,,20,3,8,M,57.8,50,50,31.91,,104.15,,
24,2022,Abdulaali ,DIET,131.74,144.4,16.28,,20,84.92,90.73,3.04,,20,3,8,M,57.8,50,50,31.91,,104.15,,
25,2020,Ahles,CONTROL,130.1,131.4,1.58,14.71,32,81.64,82.2,0.69,,32,2,24,L,53,32,68,29.4,,,,
25,2020,Ahles,DIET,129.55,130,0.53,15.16,34,82.05,81.3,0.82,,34,2,24,L,53,32,68,29.4,,,,
26,2020,Ahles,CONTROL,130.1,131.4,1.58,14.71,32,81.64,82.2,0.69,,32,2,24,L,53,32,68,29.35,,,,
26,2020,Ahles,DIET,129.41,130.1,0.8,12.42,35,80.56,81.2,0.48,,35,2,24,L,53,32,68,29.35,,,,
27,1992,Applegate,CONTROL,140,145,9.7,9.7,26,86.5,88,3.6,3.6,26,3,24,L,64.5,0,100,,,101,,
27,1992,Applegate,EXE+DIET,133.9,143,11.7,11.7,21,79.7,86,1.7,1.7,21,3,24,L,64.5,0,100,,,101,,
28,2016,Azimi,CONTROL,137.2,136.9,1.25,1.25,39,93.9,92.7,0.62,0.62,39,2,8,L,53.89,39,61,28.47,,,,
28,2016,Azimi,DIET,133,131.4,1.26,1.25,40,86.6,86.2,0.63,0.63,40,2,8,L,53.89,39,61,28.47,,,,
29,2016,Azimi,CONTROL,137.2,136.9,1.25,1.25,39,93.9,92.7,0.62,0.62,39,3,8,L,52.61,39,61,28.57,,,,
29,2016,Azimi,DIET,143.6,143.8,1.26,1.25,42,95.5,95.2,0.65,0.65,42,3,8,L,52.61,39,61,28.57,,,,
30,2016,Azimi,CONTROL,137.2,136.9,1.25,1.25,39,93.9,92.7,0.62,0.62,39,3,8,L,55.33,39,61,28.55,,,,
30,2016,Azimi,DIET,139,139.08,0.64,1.25,42,94.02,94.06,0.65,0.65,42,3,8,L,55.33,39,61,28.55,,,,
31,2016,Azimi,CONTROL,137.2,136.9,1.25,1.25,39,93.9,92.7,0.62,0.62,39,3,8,L,54.42,39,61,28.67,,,,
31,2016,Azimi,DIET,142.07,143.06,1.26,1.25,41,97.09,97.06,0.64,0.64,41,3,8,L,54.42,39,61,28.67,,,,
32,1998,Bao,CONTROL,132.52,135.9,8.21,11.96,16,77.39,75.4,6.24,7.83,16,2,16,H,54.1,53.5,46.5,32.15,,,,
32,1998,Bao,DIET,131.55,132.1,6.64,11.96,17,76.87,75.2,5.02,7,17,2,16,H,54.1,53.5,46.5,32.15,,,,
33,1998,Bao,CONTROL,132.52,135.9,8.21,11.96,16,77.39,75.4,6.24,7.83,16,2,16,H,54.8,46.5,53.5,31.65,,,,
33,1998,Bao,DIET,132.83,137.6,8.68,20.2,16,77.75,78.3,6.5,9.48,16,2,16,H,54.8,46.5,53.5,31.65,,,,
34,1998,Bao,CONTROL,132.52,135.9,8.21,11.96,16,77.39,75.4,6.24,7.83,16,2,16,H,53.8,44,56,31.45,,,,
34,1998,Bao,DIET,125.16,132.1,6.13,11.96,14,71.96,74.9,4.28,7.42,14,2,16,H,53.8,44,56,31.45,,,,
35,2010,Basu,CONTROL,127.3,130,9,9,12,80.3,80,9,7.27,12,2,8,H,46.5,8.5,91.5,37.7,,90,,
35,2010,Basu,DIET,134.5,135,13.17,14.33,15,84.2,85,9.68,12.39,15,2,8,H,46.5,8.5,91.5,37.7,,90,,
36,2016,Dashtabi,CONTROL,129.46,130.89,4.58,4.13,28,87.61,86.43,5.15,5.41,28,2,8,H,42.36,51,49,34.85,,97.15,5.49,
36,2016,Dashtabi,DIET,126.85,130.93,4.63,4.81,27,85.93,87.04,4.16,4.22,27,2,8,H,42.36,51,49,34.85,,97.15,5.49,
37,2016,Dashtabi,CONTROL,129.46,130.89,4.58,4.13,28,87.61,86.43,5.15,5.41,28,2,8,H,43.23,54,46,32.56,,95.3,5.43,
37,2016,Dashtabi,DIET,124.29,132.14,3.52,4.79,28,82.68,88.21,4.19,4.75,28,2,8,H,43.23,54,46,32.56,,95.3,5.43,
38,1984,Fagerberg,CONTROL,148.3,151.7,13.17,16.26,15,94.6,98.7,7.36,8.52,15,3,12,L,51.1,100,0,30.75,,,,
38,1984,Fagerberg,DIET,138.8,155.5,13.17,16.26,15,90.5,101.3,9.3,9.29,15,3,12,L,51.1,100,0,30.75,,,,
39,2024,Goraya,CONTROL,134.59,157.9,4.1,8.8,51,,,,,,3,260,M,49.1,73,27,28.03,,,,101.33
39,2024,Goraya,DIET,128.91,158.3,4.8,8.4,51,,,,,,3,260,M,49.5,73,27,28.27,,,,101.84
40,2024,Goraya,CONTROL,134.59,157.9,4.1,8.8,51,,,,,,3,260,M,49.1,73,27,28.03,,,,101.33
40,2024,Goraya,DIET,135.02,156.5,5.01,8.9,51,,,,,,3,260,M,48,76,24,28.16,,,,101.9
41,2023,Ismail,CONTROL,164.26,168.4,2.66,2.66,28,93.9,97.7,1.44,2.49,28,3,24,M,66.01,38,62,30.98,,,,
41,2023,Ismail,DIET,160.86,167.4,3.28,3.67,30,90.56,98.6,3.5,2.47,30,3,24,M,66.01,38,62,30.98,,,,
42,2022,Janssen,CONTROL,133.26,128.1,16.37,,21,84.7,84,14.81,,21,2,6,M,50.63,32.5,67.5,32.85,,,,
42,2022,Janssen,DIET,134.23,137.3,15.26,,16,82.07,84.5,9.85,,16,2,6,M,50.63,32.5,67.5,32.85,,,,
43,2024,Jariah,CONTROL,139.33,147.72,13.71,15.72,18,86.22,89.44,5.68,5.46,18,3,,M,,50,50,,,,,
43,2024,Jariah,DIET,142.61,146.05,11.63,12.41,18,86.61,90.11,7.57,7.56,18,3,,M,,39,61,,,,,
44,2018,Kucharska,CONTROL,129.22,130.06,6.21,6.39,62,84.84,83.1,3.69,3.71,62,2,12,M,59.72,50,50,33.2,35.44,93.5,,
44,2018,Kucharska,DIET,126.22,130.84,5.17,5.06,69,82.52,85.16,3.28,3.67,69,2,12,M,59.72,50,50,33.2,35.44,93.5,,
45,2011,Prather,CONTROL,147,147.4,14.3,11.7,39,87.1,85.9,8.5,6.9,39,3,16,M,54,42,58,31.85,,,,78.55
45,2011,Prather,DIET,132.6,140.1,13.7,12.9,79,79.5,83.7,7.8,8.3,79,3,16,M,54,42,58,31.85,,,,78.55
46,2015,Rabiei,CONTROL,137,140.2,20,1,23,80,90.7,20,1,23,3,12,M,58.95,38,62,31.95,46.35,,,
46,2015,Rabiei,DIET,120,140,10,1,13,80,90,10,1,13,3,12,M,58.95,38,62,31.95,46.35,,,
47,2005,Ward,CONTROL,134.1,134.1,8.2,8.2,18,78.2,78.2,7.1,7.1,18,2,24,L,61.55,70.5,29.5,29,,,,
47,2005,Ward,DIET,131.8,133.6,9.8,9.8,19,82.3,80.8,7.9,7.9,19,2,24,L,61.55,70.5,29.5,29,,,,
48,2005,Ward,CONTROL,134.1,134.1,8.2,8.2,18,78.2,78.2,7.1,7.1,18,2,24,L,62.45,76.5,23.5,28.5,,,,
48,2005,Ward,DIET,132.3,133.6,11.6,11.6,16,83,79.8,9.8,9.8,16,2,24,L,62.45,76.5,23.5,28.5,,,,
49,2005,Ward,CONTROL,134.1,134.1,8.2,8.2,18,78.2,78.2,7.1,7.1,18,2,24,L,62.45,70,30,28.95,,,,
49,2005,Ward,DIET,143.6,138.8,11,11,16,82.3,79.6,11,11,16,2,24,L,62.45,70,30,28.95,,,,
50,2017,Wright,CONTROL,132,132,39.59,39.6,32,78,78,16.97,16.97,32,2,12,M,56,40,60,31.7,,,3.9,
50,2017,Wright,DIET,132,133,34.46,34.46,33,82,81,17.23,17.23,33,2,12,M,56,40,60,31.7,,,3.9,
51,2013,Kosmala,CONTROL,130,131,6,6,55,79,79,4,5,55,2,24,M,58.8,38,62,32.75,,96,,
51,2013,Kosmala,DRUGS,128,132,6,5,58,77,80,5,4,58,2,24,M,58.8,38,62,32.75,,96,,
52,1995,Liebson,CONTROL,132.3,141.4,12.2,,234,83.5,92.1,2.6,,234,3,48,L,54.7,62.5,37.5,28.85,,,,
52,1995,Liebson,DRUGS,123.8,139.7,12.6,,673,77.3,89.6,3.5,,673,3,48,L,54.7,62.5,37.5,28.85,,,,
53,1985,MacMahon,CONTROL,142.9,150.3,9.7172,,19,95.8,98.9,7.664,,19,3,21,H,42,75,25,33.2,,,,
53,1985,MacMahon,DIET,136.5,149.8,9.282,,18,91.2,101.2,7.296,,18,3,21,H,42,75,25,33.2,,,,
53,1985,MacMahon,DRUGS,141.3,151.2,9.6084,,18,94.7,100.9,7.576,,18,3,21,H,42,75,25,33.2,,,,
54,1985,MacMahon,CONTROL,142.9,150.3,11.2,11.2,18,95.8,98.9,5,5,18,3,21,M,41.9,23,77,33.23,,,,
54,1985,MacMahon,DIET,136.5,149.8,9.9,9.9,20,91.4,101.2,5.4,5.4,20,3,21,M,41.9,23,77,33.23,,,,
54,1985,MacMahon,DRUGS,141.3,151.2,10.1,10.1,18,94.7,100.9,4.8,4.8,18,3,21,M,41.9,23,77,33.23,,,,
55,1986,MacMahon,CONTROL,140.8,149.7,13.6,10.1,12,94.2,98.6,5.7,5.7,12,3,21,M,41.46,70.33,29.66,32.16,,,,
55,1986,MacMahon,DIET,135.7,149.9,8.3,9.1,15,88.2,100.9,7,4.9,15,3,21,M,41.46,70.33,29.66,32.16,,,,
55,1986,MacMahon,DRUGS,138.6,151,9.9,7.1,14,93,100.5,8,4.6,14,3,21,M,41.46,70.33,29.66,32.16,,,,
56,2003,Materson,CONTROL,148.3,152.4,11.4,11.4,37,93.9,99.4,6.7,6.7,37,3,8,M,60,,,28.5,,,,
56,2003,Materson,DRUGS,139,152.4,11.1,11.1,56,88.9,99.4,6,6,56,3,8,M,60,,,28.5,,,,
57,2003,Materson,CONTROL,149.1,150.7,10.4,10.4,69,94,98.9,7.1,7.1,69,3,8,M,57.4,,,34.1,,,,
57,2003,Materson,DRUGS,137.3,150.7,9.3,9.3,62,89.1,98.9,6.3,6.3,62,3,8,M,57.4,,,34.1,,,,
58,2003,Materson,CONTROL,148.3,152.4,11.4,11.4,37,93.9,99.4,6.7,6.7,37,3,8,M,60,,,28.5,,,,
58,2003,Materson,DRUGS,141.5,152.4,13.5,13.5,53,87,99.4,6.6,6.6,53,3,8,M,60,,,28.5,,,,
59,2003,Materson,CONTROL,149.1,150.7,10.4,10.4,69,94,98.9,7.1,7.1,69,3,8,M,57.4,,,34.1,,,,
59,2003,Materson,DRUGS,139.6,150.7,11.5,11.5,64,86.3,98.9,6.3,6.3,64,3,8,M,57.4,,,34.1,,,,
60,2003,Materson,CONTROL,148.3,152.4,11.4,11.4,37,93.9,99.4,6.7,6.7,37,3,8,M,60,,,28.5,,,,
60,2003,Materson,DRUGS,144.1,152.4,10,10,56,90.9,99.4,6.6,6.6,56,3,8,M,60,,,28.5,,,,
61,2003,Materson,CONTROL,149.1,150.7,10.4,10.4,69,94,98.9,7.1,7.1,69,3,8,M,57.4,,,34.1,,,,
61,2003,Materson,DRUGS,141.5,150.7,10.5,10.5,60,89,98.9,7,7,60,3,8,M,57.4,,,34.1,,,,
62,2003,Materson,CONTROL,148.3,152.4,11.4,11.4,37,93.9,99.4,6.7,6.7,37,3,8,M,60,,,28.5,,,,
62,2003,Materson,DRUGS,135.1,152.4,13.4,13.4,55,87,99.4,5.9,5.9,55,3,8,M,60,,,28.5,,,,
63,2003,Materson,CONTROL,149.1,150.7,10.4,10.4,69,94,98.9,7.1,7.1,69,3,8,M,57.4,,,34.1,,,,
63,2003,Materson,DRUGS,135.4,150.7,9.7,9.7,54,87.2,98.9,5.3,5.3,54,3,8,M,57.4,,,34.1,,,,
64,2003,Materson,CONTROL,148.3,152.4,11.4,11.4,37,93.9,99.4,6.7,6.7,37,3,8,M,60,,,28.5,,,,
64,2003,Materson,DRUGS,138.6,152.4,9.2,9.2,53,85.4,99.4,4.9,4.9,53,3,8,M,60,,,28.5,,,,
65,2003,Materson,CONTROL,149.1,150.7,10.4,10.4,69,94,98.9,7.1,7.1,69,3,8,M,57.4,,,34.1,,,,
65,2003,Materson,DRUGS,139.7,150.7,8.2,8.2,61,85,98.9,5.5,5.5,61,3,8,M,57.4,,,34.1,,,,
66,2003,Materson,CONTROL,148.3,152.4,11.4,11.4,37,93.9,99.4,6.7,6.7,37,3,8,M,60,,,28.5,,,,
66,2003,Materson,DRUGS,139.3,152.4,11.2,11.2,41,87.9,99.4,6.2,6.2,41,3,8,M,60,,,28.5,,,,
67,2003,Materson,CONTROL,149.1,150.7,10.4,10.4,69,94,98.9,7.1,7.1,69,3,8,M,57.4,,,34.1,,,,
67,2003,Materson,DRUGS,140.7,150.7,11.3,11.3,72,88.8,98.9,7,7,72,3,8,M,57.4,,,34.1,,,,
68,1997,Reisin,CONTROL,145.1,142.1,9.8668,,79,89,88.3,7.12,,79,3,12,M,50,49.5,51.5,32.25,,100.5,,
68,1997,Reisin,DRUGS,133.3,143.8,9.0644,,77,81.3,88.5,6.504,,77,3,12,M,50,49.5,51.5,32.25,,100.5,,
69,1997,Reisin,CONTROL,145.1,142.1,9.8668,,79,89,88.3,7.12,,79,3,12,M,50,44,56,32.35,,108,,
69,1997,Reisin,DRUGS,133.9,146.3,9.1052,,76,83.3,90,6.664,,76,3,12,M,50,44,56,32.35,,108,,
70,1998,Weir,CONTROL,140.8,141.1,9.5744,,40,88,88.5,7.04,,40,3,12,H,50.5,43.5,56.5,32.05,,,,
70,1998,Weir,DRUGS,133.5,145.5,9.078,,47,81.4,89.6,6.512,,47,3,12,H,50.5,43.5,56.5,32.05,,,,
71,1998,Weir,CONTROL,140.8,141.1,9.5744,,40,88,88.5,7.04,,40,3,12,H,50.5,58.5,41.5,31.95,,,,
71,1998,Weir,DRUGS,133.9,144.5,9.1052,,37,83.8,89.3,6.704,,37,3,12,H,50.5,58.5,41.5,31.95,,,,
72,2010,Blumenthal,CONTROL,134.6,138,9.5,9.5,49,82,85.8,6.2,6.2,49,2,16,M,51.96,33,67,33.1,,,,
72,2010,Blumenthal,DIET,126.4,137.6,9,9,46,78.6,86.1,6.1,6.1,46,2,16,M,51.96,33,67,33.1,,,,
72,2010,Blumenthal,EXE+DIET,122.6,138.7,8.2,8.2,49,75.6,85.5,6.8,6.8,49,2,16,M,51.96,33,67,33.1,,,,
73,2002,Miller,CONTROL,136,137.1,12.5,12.1,7,83,83.6,8.4,9.4,7,2,9,M,53.5,100,0,32.65,,,,
73,2002,Miller,EXE+DIET,124.8,135.3,14.5,11.1,9,77.7,83.6,9.4,8.6,9,2,9,M,53.5,100,0,32.65,,,,
74,2021,Hooshmand-Moghadam ,CONTROL,153.6,153.5,4.43,4.4,12,95.2,95.7,2.11,1.49,12,3,12,H,63.07,100,0,26.85,28.07,,,
74,2021,Hooshmand-Moghadam ,DIET,137.8,149.7,4.43,4.4,12,87.8,95.2,2.11,1.49,12,3,12,H,63.07,100,0,26.85,28.07,,,
74,2021,Hooshmand-Moghadam ,EXE,133.6,151.1,4.43,4.4,12,85.6,96.1,2.11,1.49,12,3,12,H,63.07,100,0,26.85,28.07,,,
74,2021,Hooshmand-Moghadam ,EXE+DIET,137.8,149.7,4.43,4.4,12,80.6,94.4,2.11,1.49,12,3,12,H,63.07,100,0,26.85,28.07,,,
75,2011,Edwards,CONTROL,135.6,137.6,9.9,11.5,15,84.7,88.2,8.5,9.2,15,2,12,M,46.46,48.3,51.7,30.43,,,,
75,2011,Edwards,EXE,133.9,140.6,10.9,9.8,25,85.6,89.8,8.7,11.2,25,2,12,M,46.46,48.3,51.7,30.43,,,,
75,2011,Edwards,EXE+DIET,127.8,139.9,11.6,10.5,12,78,85.1,10.7,10,12,2,12,M,46.46,48.3,51.7,30.43,,,,
76,2020,Kwasnicka,CONTROL,136.56,135.95,13.13,14.88,66,87.77,86.67,8.64,9.46,66,2,24,L,45.7,100,0,34.41,,,,
76,2020,Kwasnicka,EXE+DIET,136.58,139.8,14.73,18.81,64,87.22,87.95,10.17,10.17,64,2,24,L,45.7,100,0,34.41,,,,
77,2024,Li,CONTROL,134.71,132.46,12.83,12.83,109,81,80.26,9.05,9.05,109,2,12,H,52.64,64.3,35.7,27.17,,135.6,7.11,
77,2024,Li,DIET,131.08,132.12,12.8,12.8,109,77,78.87,9.5,9.5,109,2,12,H,52.64,64.3,35.7,27.17,,135.6,7.11,
77,2024,Li,EXE,134.56,135.4,12.53,12.53,108,79.61,81.35,8.68,8.68,108,2,12,H,52.64,64.3,35.7,27.17,,135.6,7.11,
78,1990,Oberman,CONTROL,142.57,153.08,9.69476,,79,85.7,93.9,6.856,,79,3,24,M,48.6,55.2,44.8,,,,,
78,1990,Oberman,DRUGS,124.52,143.4,8.46736,,75,82.07,93.9,6.5656,,75,3,24,M,48.6,55.2,44.8,,,,,
79,1990,Oberman,CONTROL,142.57,153.08,9.69476,,79,85.7,93.9,6.856,,79,3,24,M,48.6,55.2,44.8,,,,,
79,1990,Oberman,DRUGS,128.68,143.4,8.75024,,75,81.71,93.9,6.5368,,75,3,24,M,48.6,55.2,44.8,,,,,
80,1990,Oberman,CONTROL,139.05,150.94,9.4554,,84,84.42,93.9,6.7536,,84,3,24,M,48.6,55.2,44.8,,,,,
80,1990,Oberman,DRUGS+DIET,121.4,143.4,8.2552,,75,78.61,93.9,6.2888,,75,3,24,M,48.6,55.2,44.8,,,,,
81,1990,Oberman,CONTROL,139.05,150.94,9.4554,,84,84.42,93.9,6.7536,,84,3,24,M,48.6,55.2,44.8,,,,,
81,1990,Oberman,DRUGS+DIET,124.51,143.4,8.46668,,76,78.83,93.9,6.3064,,76,3,24,M,48.6,55.2,44.8,,,,,
82,1990,Oberman,CONTROL,134.05,143.4,9.1154,,69,85.9,93.9,6.872,,69,3,24,M,48.6,55.2,44.8,,,,,
82,1990,Oberman,DRUGS+DIET,123.82,143.4,8.41976,,78,81.96,93.9,6.5568,,78,3,24,M,48.6,55.2,44.8,,,,,
83,1990,Oberman,CONTROL,134.05,143.4,9.1154,,69,85.9,93.9,6.872,,69,3,24,M,48.6,55.2,44.8,,,,,
83,1990,Oberman,DRUGS+DIET,124.44,143.4,8.46192,,81,80.64,93.9,6.4512,,81,3,24,M,48.6,55.2,44.8,,,,,
